Workbook

Sheet DIY
A1: 判定抗性 | B1: 2.8 | C1: 增伤抗性 | D1: 1.3225 | S1: 弓决 | T1: 套装 | W1: 参考数值
B2: 基础白值 | C2: 面板白值 | D2: 最终面板 | K2: 左武 | L2: 右武 | M2: 环 | N2: 佩 | O2: 头 | P2: 胸 | Q2: 腿 | R2: 手 | S2: 会心 | T2: 撼天 | U2: 天赋 | V2: 心法 | X2: 满值 | Y2: 承音
A3: 等级 | B3: 100 | F3: 心法 | J3: 劲 | W3: 劲 | X3: 88.4 | Y3: 83.1
A4: 最小外攻 | B4: =基础属性!E2 -> 1377.4 | D4: =B4+G10+D23*0.22+D24*0.9+SUM(K6:V6) -> 2111.6434 | F4: 扶摇直上 | J4: 敏 | W4: 敏 | X4: 88.4 | Y4: 83.1
A5: 最大外攻 | B5: =基础属性!F2 -> 2565.8 | D5: =B5+H10+D23*1.36+D25*0.9+SUM(K7:V7) -> 3339.64 | F5: 易水歌 | J5: 势 | W5: 势 | X5: 88.4 | Y5: 83.1
A6: 精准率 | B6: =65%+48.4% -> 1.134 | C6: =B6+SUM(K8:V8) -> 1.254 | D6: =65%+(B6-65%+SUM(K8:V8))/B1 -> 0.86571429 | F6: 擒天势 | J6: 最小外攻 | T6: =IF(OR($T$2="燕归",$T$2="撼天",$T$2="连星",$T$2="裁云",$T$2="断岳"),140,0) -> 140 | U6: =VLOOKUP($F$14,武学天赋!$A:$P,2,FALSE)*MIN(VLOOKUP($G$14,$A$23:$D$25,4,FALSE)/$H$14,1) -> 80.263415 | V6: =VLOOKUP($F$4,心法!$A:$L,2,FALSE)+VLOOKUP($F$5,心法!$A:$L,2,FALSE)+VLOOKUP($F$6,心法!$A:$L,2,FALSE)+VLOOKUP($F$7,心法!$A:$L,2,FALSE) -> 173.5 | W6: 最小外攻 | X6: 139.6 | Y6: 131.22
A7: 会心率 | B7: 0.28 | C7: =B7+D24*0.076/100+SUM(K9:V9) -> 0.81872293 | D7: =C7/B1 -> 0.29240105 | F7: 断石之构 | J7: 最大外攻 | T7: =IF($T$2="玉斗",140,0) -> 0 | U7: =VLOOKUP($F$14,武学天赋!$A:$P,3,FALSE)*MIN(VLOOKUP($G$14,$A$23:$D$25,4,FALSE)/$H$14,1) -> 0 | V7: =VLOOKUP($F$4,心法!$A:$L,3,FALSE)+VLOOKUP($F$5,心法!$A:$L,3,FALSE)+VLOOKUP($F$6,心法!$A:$L,3,FALSE)+VLOOKUP($F$7,心法!$A:$L,3,FALSE) -> 86.8 | W7: 最大外攻 | X7: 139.6 | Y7: 131.22
A8: 直接会心 | B8: 0 | D8: =VLOOKUP($F$4,心法!$A:$L,6,FALSE)+VLOOKUP($F$5,心法!$A:$L,6,FALSE)+VLOOKUP($F$6,心法!$A:$L,6,FALSE)+VLOOKUP($F$7,心法!$A:$L,6,FALSE) -> 0.133 | J8: 精准率 | S8: =IF($S$2="精准",7.2%,0) -> 0 | T8: =IF(OR($T$2="时雨",$T$2="烟柳"),14.3%,0) -> 0 | V8: =VLOOKUP($F$4,心法!$A:$L,4,FALSE)+VLOOKUP($F$5,心法!$A:$L,4,FALSE)+VLOOKUP($F$6,心法!$A:$L,4,FALSE)+VLOOKUP($F$7,心法!$A:$L,4,FALSE) -> 0.12 | W8: 精准率 | X8: 0.144 | Y8: 0.1354
A9: 会伤 | B9: 0.5 | D9: =B9+VLOOKUP($F$4,心法!$A:$L,11,FALSE)+VLOOKUP($F$5,心法!$A:$L,11,FALSE)+VLOOKUP($F$6,心法!$A:$L,11,FALSE)+VLOOKUP($F$7,心法!$A:$L,11,FALSE)+IF(T2="时雨",10%,0) -> 0.54 | F9: 武库 | G9: 本系 | H9: <<<<< | J9: 会心率 | S9: =IF($S$2="会心",8%,0) -> 0.08 | T9: =IF($T$2="浣花",16.1%,0) -> 0 | U9: =VLOOKUP($F$14,武学天赋!$A:$P,4,FALSE)*MIN(VLOOKUP($G$14,$A$23:$D$25,4,FALSE)/$H$14,1) -> 0.092682927 | V9: =VLOOKUP($F$4,心法!$A:$L,5,FALSE)+VLOOKUP($F$5,心法!$A:$L,5,FALSE)+VLOOKUP($F$6,心法!$A:$L,5,FALSE)+VLOOKUP($F$7,心法!$A:$L,5,FALSE) -> 0.135 | W9: 会心率 | X9: 0.162 | Y9: 0.1523
A10: 会意率 | B10: 0.14 | C10: =B10+D25*0.038/100+SUM(K10:V10) -> 0.25552 | D10: =C10/B1 -> 0.091257143 | F10: 外功 | G10: =IF($G$9="通用",186,0) -> 0 | H10: =IF($G$9="通用",373,0) -> 0 | J10: 会意率 | S10: =IF($S$2="会意",4%,0) -> 0 | T10: =IF($T$2="飞隼",8%,0) -> 0 | U10: =VLOOKUP($F$14,武学天赋!$A:$P,5,FALSE)*MIN(VLOOKUP($G$14,$A$23:$D$25,4,FALSE)/$H$14,1) -> 0 | V10: =VLOOKUP($F$4,心法!$A:$L,7,FALSE)+VLOOKUP($F$5,心法!$A:$L,7,FALSE)+VLOOKUP($F$6,心法!$A:$L,7,FALSE)+VLOOKUP($F$7,心法!$A:$L,7,FALSE) -> 0 | W10: 会意率 | X10: 0.081 | Y10: 0.0761
A11: 直接会意 | B11: 0 | D11: =VLOOKUP($F$4,心法!$A:$L,8,FALSE)+VLOOKUP($F$5,心法!$A:$L,8,FALSE)+VLOOKUP($F$6,心法!$A:$L,8,FALSE)+VLOOKUP($F$7,心法!$A:$L,8,FALSE) -> 0 | F11: 本系 | G11: =IF($G$9="本系",211,0) -> 211 | H11: =IF($G$9="本系",423,0) -> 423 | J11: 最小鸣金 | V11: =VLOOKUP($F$4,心法!$A:$ZZ,13,FALSE)+VLOOKUP($F$5,心法!$A:$ZZ,13,FALSE)+VLOOKUP($F$6,心法!$A:$ZZ,13,FALSE)+VLOOKUP($F$7,心法!$A:$ZZ,13,FALSE) -> 0 | W11: 最小鸣金 | X11: 79.2 | Y11: 74.45
A12: 会意伤 | B12: 0.35 | D12: =B12+VLOOKUP($F$4,心法!$A:$L,12,FALSE)+VLOOKUP($F$5,心法!$A:$L,12,FALSE)+VLOOKUP($F$6,心法!$A:$L,12,FALSE)+VLOOKUP($F$7,心法!$A:$L,12,FALSE) -> 0.35 | J12: 最大鸣金 | V12: =VLOOKUP($F$4,心法!$A:$ZZ,14,FALSE)+VLOOKUP($F$5,心法!$A:$ZZ,14,FALSE)+VLOOKUP($F$6,心法!$A:$ZZ,14,FALSE)+VLOOKUP($F$7,心法!$A:$ZZ,14,FALSE) -> 0 | W12: 最大鸣金 | X12: 79.2 | Y12: 74.45
A13: 最小鸣金 | B13: =VLOOKUP($F$14,武学天赋!$A:$P,8,FALSE)+IF(VLOOKUP($F$14,武学天赋!$A:$P,7,FALSE)="鸣金",$G$11,0) -> 0 | D13: =B13+SUM(K11:V11) -> 0 | F13: 武学 | G13: 要求属性 | H13: 需求数值 | J13: 最小裂石 | V13: =VLOOKUP($F$4,心法!$A:$ZZ,17,FALSE)+VLOOKUP($F$5,心法!$A:$ZZ,17,FALSE)+VLOOKUP($F$6,心法!$A:$ZZ,17,FALSE)+VLOOKUP($F$7,心法!$A:$ZZ,17,FALSE) -> 0 | W13: 最小裂石 | X13: 79.2 | Y13: 74.45
A14: 最大鸣金 | B14: =VLOOKUP($F$14,武学天赋!$A:$P,9,FALSE)+IF(VLOOKUP($F$14,武学天赋!$A:$P,7,FALSE)="鸣金",$H$11,0) -> 0 | D14: =B14+SUM(K12:V12) -> 0 | F14: 破竹鸢 | G14: =VLOOKUP($F$14,武学天赋!$A:$P,6,FALSE) -> 敏 | H14: 492 | J14: 最大裂石 | V14: =VLOOKUP($F$4,心法!$A:$ZZ,18,FALSE)+VLOOKUP($F$5,心法!$A:$ZZ,18,FALSE)+VLOOKUP($F$6,心法!$A:$ZZ,18,FALSE)+VLOOKUP($F$7,心法!$A:$ZZ,18,FALSE) -> 0 | W14: 最大裂石 | X14: 79.2 | Y14: 74.45
A15: 最小裂石 | B15: =VLOOKUP($F$14,武学天赋!$A:$P,10,FALSE)+IF(VLOOKUP($F$14,武学天赋!$A:$P,7,FALSE)="裂石",$G$11,0) -> 0 | D15: =B15+SUM(K13:V13) -> 0 | J15: 最小牵丝 | V15: =VLOOKUP($F$4,心法!$A:$ZZ,21,FALSE)+VLOOKUP($F$5,心法!$A:$ZZ,21,FALSE)+VLOOKUP($F$6,心法!$A:$ZZ,21,FALSE)+VLOOKUP($F$7,心法!$A:$ZZ,21,FALSE) -> 0 | W15: 最小牵丝 | X15: 79.2 | Y15: 74.45
A16: 最大裂石 | B16: =VLOOKUP($F$14,武学天赋!$A:$P,11,FALSE)+IF(VLOOKUP($F$14,武学天赋!$A:$P,7,FALSE)="裂石",$H$11,0) -> 0 | D16: =B16+SUM(K14:V14) -> 0 | J16: 最大牵丝 | V16: =VLOOKUP($F$4,心法!$A:$ZZ,22,FALSE)+VLOOKUP($F$5,心法!$A:$ZZ,22,FALSE)+VLOOKUP($F$6,心法!$A:$ZZ,22,FALSE)+VLOOKUP($F$7,心法!$A:$ZZ,22,FALSE) -> 0 | W16: 最大牵丝 | X16: 79.2 | Y16: 74.45
A17: 最小牵丝 | B17: =VLOOKUP($F$14,武学天赋!$A:$P,12,FALSE)+IF(VLOOKUP($F$14,武学天赋!$A:$P,7,FALSE)="牵丝",$G$11,0) -> 0 | D17: =B17+SUM(K15:V15) -> 0 | F17: 属性需求 | G17: 447 | J17: 最小破竹 | V17: =VLOOKUP($F$4,心法!$A:$ZZ,25,FALSE)+VLOOKUP($F$5,心法!$A:$ZZ,25,FALSE)+VLOOKUP($F$6,心法!$A:$ZZ,25,FALSE)+VLOOKUP($F$7,心法!$A:$ZZ,25,FALSE) -> 0 | W17: 最小破竹 | X17: 79.2 | Y17: 74.45
A18: 最大牵丝 | B18: =VLOOKUP($F$14,武学天赋!$A:$P,13,FALSE)+IF(VLOOKUP($F$14,武学天赋!$A:$P,7,FALSE)="牵丝",$H$11,0) -> 0 | D18: =B18+SUM(K16:V16) -> 0 | G18: 893 | J18: 最大破竹 | V18: =VLOOKUP($F$4,心法!$A:$ZZ,26,FALSE)+VLOOKUP($F$5,心法!$A:$ZZ,26,FALSE)+VLOOKUP($F$6,心法!$A:$ZZ,26,FALSE)+VLOOKUP($F$7,心法!$A:$ZZ,26,FALSE) -> 0 | W18: 最大破竹 | X18: 79.2 | Y18: 74.45
A19: 最小破竹 | B19: =VLOOKUP($F$14,武学天赋!$A:$P,14,FALSE)+IF(VLOOKUP($F$14,武学天赋!$A:$P,7,FALSE)="破竹",$G$11,0) -> 539 | D19: =B19+SUM(K17:V17) -> 539 | J19: 最小无相 | V19: =VLOOKUP($F$4,心法!$A:$ZZ,29,FALSE)+VLOOKUP($F$5,心法!$A:$ZZ,29,FALSE)+VLOOKUP($F$6,心法!$A:$ZZ,30,FALSE)+VLOOKUP($F$7,心法!$A:$ZZ,29,FALSE) -> 0 | W19: 最小无相 | X19: 79.2 | Y19: 74.45
A20: 最大破竹 | B20: =VLOOKUP($F$14,武学天赋!$A:$P,15,FALSE)+IF(VLOOKUP($F$14,武学天赋!$A:$P,7,FALSE)="破竹",$H$11,0) -> 1079 | D20: =B20+SUM(K18:V18) -> 1079 | J20: 最大无相 | V20: =VLOOKUP($F$4,心法!$A:$ZZ,30,FALSE)+VLOOKUP($F$5,心法!$A:$ZZ,30,FALSE)+VLOOKUP($F$6,心法!$A:$ZZ,30,FALSE)+VLOOKUP($F$7,心法!$A:$ZZ,30,FALSE) -> 0 | W20: 最大无相 | X20: 79.2 | Y20: 74.45
A21: 最小无相 | B21: 79.2 | D21: =B21+SUM(K19:V19) -> 79.2 | J21: 武学增伤 | W21: 武学增伤 | X21: 0.113 | Y21: 0.1062
A22: 最大无相 | B22: 92.4 | D22: =B22+SUM(K20:V20) -> 92.4 | F22: 只修改青色部分和黑框内词条 | J22: 奇术增伤 | W22: 奇术增伤 | X22: 0.177 | Y22: 0.1664
A23: 劲 | B23: 304 | D23: =B23+SUM(K3:R3) -> 304 | J23: 首领增 | W23: 首领增 | X23: 0.059 | Y23: 0.0555
A24: 敏 | B24: 304 | D24: =B24+SUM(K4:R4) -> 304 | J24: 全武增 | W24: 全武增 | X24: 0.056 | Y24: 0.0526
A25: 势 | B25: 304 | D25: =B25+SUM(K5:R5) -> 304
A26: 外攻穿透 | B26: 77.6 | D26: =B26/$D$1+VLOOKUP($F$4,心法!$A:$L,9,FALSE)+VLOOKUP($F$5,心法!$A:$L,9,FALSE)+VLOOKUP($F$6,心法!$A:$L,9,FALSE)+VLOOKUP($F$7,心法!$A:$L,9,FALSE) -> 58.676749
A27: 外伤增加 | B27: 0 | D27: =VLOOKUP($F$4,心法!$A:$L,10,FALSE)+VLOOKUP($F$5,心法!$A:$L,10,FALSE)+VLOOKUP($F$6,心法!$A:$L,10,FALSE)+VLOOKUP($F$7,心法!$A:$L,10,FALSE) -> 0
A28: 鸣金穿透 | B28: =IF(VLOOKUP($F$14,武学天赋!$A:$P,7,FALSE)="鸣金",30,0) -> 0 | D28: =B28*MIN(D14/G18,1)+VLOOKUP($F$4,心法!$A:$ZZ,15,FALSE)+VLOOKUP($F$5,心法!$A:$ZZ,15,FALSE)+VLOOKUP($F$6,心法!$A:$ZZ,15,FALSE)+VLOOKUP($F$7,心法!$A:$ZZ,15,FALSE) -> 0
A29: 鸣金加成 | B29: =IF(VLOOKUP($F$14,武学天赋!$A:$P,7,FALSE)="鸣金",15%,0) -> 0 | D29: =B29*MIN(D14/G18,1)+VLOOKUP($F$4,心法!$A:$ZZ,16,FALSE)+VLOOKUP($F$5,心法!$A:$ZZ,16,FALSE)+VLOOKUP($F$6,心法!$A:$ZZ,16,FALSE)+VLOOKUP($F$7,心法!$A:$ZZ,16,FALSE) -> 0
A30: 裂石穿透 | B30: =IF(VLOOKUP($F$14,武学天赋!$A:$P,7,FALSE)="裂石",30,0) -> 0 | D30: =B30*MIN(D15/G17,1)+VLOOKUP($F$4,心法!$A:$ZZ,19,FALSE)+VLOOKUP($F$5,心法!$A:$ZZ,19,FALSE)+VLOOKUP($F$6,心法!$A:$ZZ,19,FALSE)+VLOOKUP($F$7,心法!$A:$ZZ,19,FALSE) -> 0
A31: 裂石加成 | B31: =IF(VLOOKUP($F$14,武学天赋!$A:$P,7,FALSE)="裂石",15%,0) -> 0 | D31: =B31*MIN(D15/G17,1)+VLOOKUP($F$4,心法!$A:$ZZ,20,FALSE)+VLOOKUP($F$5,心法!$A:$ZZ,20,FALSE)+VLOOKUP($F$6,心法!$A:$ZZ,20,FALSE)+VLOOKUP($F$7,心法!$A:$ZZ,20,FALSE) -> 0
A32: 牵丝穿透 | B32: =IF(VLOOKUP($F$14,武学天赋!$A:$P,7,FALSE)="牵丝",30,0) -> 0 | D32: =B32*MIN(D17/G17,1)+VLOOKUP($F$4,心法!$A:$ZZ,23,FALSE)+VLOOKUP($F$5,心法!$A:$ZZ,23,FALSE)+VLOOKUP($F$6,心法!$A:$ZZ,23,FALSE)+VLOOKUP($F$7,心法!$A:$ZZ,23,FALSE) -> 0
A33: 牵丝加成 | B33: =IF(VLOOKUP($F$14,武学天赋!$A:$P,7,FALSE)="牵丝",15%,0) -> 0 | D33: =B33*MIN(D17/G17,1)+VLOOKUP($F$4,心法!$A:$ZZ,24,FALSE)+VLOOKUP($F$5,心法!$A:$ZZ,24,FALSE)+VLOOKUP($F$6,心法!$A:$ZZ,24,FALSE)+VLOOKUP($F$7,心法!$A:$ZZ,24,FALSE) -> 0
A34: 破竹穿透 | B34: =IF(VLOOKUP($F$14,武学天赋!$A:$P,7,FALSE)="破竹",30,0) -> 30 | D34: =ROUNDUP(B34*MIN(D19/G17,1)+VLOOKUP($F$4,心法!$A:$ZZ,25,FALSE)+VLOOKUP($F$5,心法!$A:$ZZ,25,FALSE)+VLOOKUP($F$6,心法!$A:$ZZ,25,FALSE)+VLOOKUP($F$7,心法!$A:$ZZ,25,FALSE),1) -> 30
A35: 破竹加成 | B35: =IF(VLOOKUP($F$14,武学天赋!$A:$P,7,FALSE)="破竹",15%,0) -> 0.15 | D35: =B35*MIN(D19/G17,1)+VLOOKUP($F$4,心法!$A:$ZZ,28,FALSE)+VLOOKUP($F$5,心法!$A:$ZZ,28,FALSE)+VLOOKUP($F$6,心法!$A:$ZZ,28,FALSE)+VLOOKUP($F$7,心法!$A:$ZZ,28,FALSE) -> 0.15
A36: 无相穿透 | D36: =VLOOKUP($F$4,心法!$A:$ZZ,31,FALSE)+VLOOKUP($F$5,心法!$A:$ZZ,31,FALSE)+VLOOKUP($F$6,心法!$A:$ZZ,31,FALSE)+VLOOKUP($F$7,心法!$A:$ZZ,31,FALSE) -> 0
A37: 武学增伤 | D37: =SUM(K21:V21)/$D$1 -> 0
A38: 奇术增伤 | D38: =SUM(K22:V22)/$D$1 -> 0
A39: 首领增 | D39: =SUM(K23:V23)/$D$1 -> 0
A40: 全武增 | D40: =SUM(K24:V24)/$D$1 -> 0

Sheet 心法
B1: 小外 | C1: 大外 | D1: 精准 | E1: 会心 | F1: 直接会心 | G1: 会意 | H1: 直接会意 | I1: 外功穿透 | J1: 外功伤害 | K1: 会心伤害 | L1: 会意伤害 | M1: 最小鸣金 | N1: 最大鸣金 | O1: 鸣金穿透 | P1: 鸣金加成 | Q1: 最小裂石 | R1: 最大裂石 | S1: 裂石穿透 | T1: 裂石加成 | U1: 最小牵丝 | V1: 最大牵丝 | W1: 牵丝穿透 | X1: 牵丝加成 | Y1: 最小破竹 | Z1: 最大破竹 | AA1: 破竹穿透 | AB1: 破竹加成 | AC1: 最小无相 | AD1: 最大无相 | AE1: 无相穿透
A2: N/A
A3: 千营一呼 | E3: 0.15 | J3: 0.028
A4: 易水歌 | B4: 43.4 | C4: 86.8 | F4: 0.046
A5: 征人归 | B5: 117.1 | I5: 5.1
A6: 断石之构 | D6: 0.12 | F6: 0.041
A7: 绳舟行木 | B7: 117.1 | I7: 5.1
A8: 大唐歌 | D8: 0.12 | K8: 0.04
A9: 极乐泣血 | C9: 104.1 | K9: 0.035
A10: 心弥泥鱼 | B10: 117.1 | I10: 5.1
A11: 忘川绝响 | E11: 0.15 | K11: 0.044
A12: 花上月令 | E12: 0.15 | F12: 0.046
A13: 剑气纵横 | C13: 130.1 | H13: 0.023
A14: 明晦同尘 | B14: 39 | C14: 78 | I14: 5.1
A15: 所恨年年 | D15: 0.12 | J15: 0.025
A16: 山河绝韵 | E16: 0.15 | K16: 0.044
A17: 威猛歌 | G17: 0.067 | L17: 0.052
A18: 无名剑法 | C18: 121.3 | H18: 0.023
A19: 千山法 | M19: 22.1 | N19: 44.3 | O19: 6
A20: 逐狼心经 | G20: 0.067 | L20: 0.052
A21: 纵地摘星 | B21: 39 | C21: 78 | I21: 5.1
A22: 春雷篇 | B22: 39 | C22: 78 | J22: 0.025
A23: 霜天百夜 | B23: 130.1 | F23: 0.046
A24: 孤忠不辞 | E24: 0.135 | K24: 0.04
A25: 穿喉决 | Q25: 22.1 | R25: 44.3 | S25: 6
A26: 抗造大法 | Q26: 22.1 | R26: 44.3 | S26: 6
A27: 移经易武 | N27: 66.4 | P27: 0.03
A28: 扶摇直上 | B28: 130.1 | F28: 0.046
A29: 擒天势 | E29: 0.135 | K29: 0.04
A30: 三穷致知 | B30: 39 | C30: 78 | J30: 0.025
A31: 君臣药 | E31: 0.15 | F31: 0.046
A32: 凝神章 | B32: 39 | C32: 78 | I32: 5.1
A33: 相和歌 | B33: 130.1 | F33: 0.046
A34: 弦墨篇 | B34: 39 | C34: 78 | J34: 0.025
A35: 风知意 | E35: 0.135 | K35: 0.04
A36: 四时无常 | B36: 43.4 | C36: 86.8 | J36: 0.028
A37: 一醉千秋 | B37: 130.1 | F37: 0.046
A38: 飞仙醉言 | E38: 0.135 | K38: 0.04
A39: 燕别云岫 | B39: 39 | C39: 78 | J39: 0.025
A40: 大卷微身 | AC40: 22.1 | AD40: 44.3 | AE40: 6

Sheet 基础属性
B1: 小攻 | C1: 大攻 | E1: 小外 | F1: 大外 | G1: 天赋攻击 | H1: 天赋会心 | I1: 天赋会意 | J1: 天赋小属 | K1: 天赋大属
A2: 武器1 | B2: 114 | C2: 265 | E2: =SUM(B:B) -> 1377.4 | F2: =SUM(C:C) -> 2565.8 | G2: 122 | H2: 0.14 | I2: 0.07 | J2: 306 | K2: 612
A3: 武器2 | B3: 114 | C3: 265
A4: 佩 | C4: 227
A5: 环 | B5: 152
A6: 武器叠音 | B6: 185 | C6: 123
A7: 武器叠音 | B7: 185 | C7: 123
A8: 环叠音 | C8: 246
A9: 配叠音 | C9: 246
A11: 等级 | B11: 263 | C11: 506
A12: 天赋 | B12: 105.6 | C12: 105.6
A13: 清河 | B13: 8 | C13: 16
A14: 开封 | B14: 16 | C14: 24
A15: 河西 | B15: 8 | C15: 16
A16: 不见山 | B16: 8 | C16: 16
A17: 皇宫 | B17: 4 | C17: 8
A18: 皇宫 | B18: 13.2 | C18: 13.2
A19: 青州1 | B19: 4 | C19: 4
A20: 夹钟下 | B20: 13.2 | C20: 13.2
A21: 青州2 | C21: 4
A22: 蕤宾上 | B22: 13.2 | C22: 26.4
A23: 突破 | B23: 122 | C23: 244
A24: 江南 | B24: 24 | C24: 36
A25: 杭州西 | B25: 12 | C25: 12
A26: 杭州全 | B26: 13.2 | C26: 26.4

Sheet 武学天赋
B1: 最小外功 | C1: 最大外功 | D1: 会心率 | E1: 会意率 | F1: 属性需求 | G1: 本系属性 | H1: 最小鸣金 | I1: 最大鸣金 | J1: 最小裂石 | K1: 最大裂石 | L1: 最小牵丝 | M1: 最大牵丝 | N1: 最小破竹 | O1: 最大破竹
A2: 鸣金影 | C2: 129.9 | E2: 0.075 | F2: 劲 | G2: 鸣金 | H2: 328 | I2: 656
A3: 鸣金虹 | C3: 129.9 | E3: 0.075 | F3: 势 | G3: 鸣金 | H3: 328 | I3: 656
A4: 裂石威 | B4: 129.9 | C4: 129.9 | F4: 劲 | G4: 裂石 | J4: 328 | K4: 656
A5: 裂石钧 | B5: 129.9 | D5: 0.15 | F5: 敏 | G5: 裂石 | J5: 328 | K5: 656
A6: 牵丝玉 | B6: 129.9 | D6: 0.15 | F6: 敏 | G6: 牵丝 | L6: 328 | M6: 656
A7: 牵丝翊 | B7: 129.9 | D7: 0.15 | F7: 敏 | G7: 牵丝 | L7: 328 | M7: 656
A8: 破竹尘 | B8: 129.9 | D8: 0.15 | F8: 敏 | G8: 破竹 | N8: 328 | O8: 656
A9: 破竹风 | B9: 129.9 | D9: 0.15 | F9: 敏 | G9: 破竹 | N9: 328 | O9: 656
A10: 破竹鸢 | B10: 129.9 | D10: 0.15 | F10: 敏 | G10: 破竹 | N10: 328 | O10: 656
A11: 破竹樽 | B11: 129.9 | D11: 0.15 | F11: 敏 | G11: 破竹 | N11: 328 | O11: 656

Sheet 版本日志
A1: bilibili@片雲
A2: 版本号 | B2: 编号 | C2: 描述
A3: 0.1 | B3: 1 | C3: 测试版本
A4: 0.2 | B4: 1 | C4: 更新皇宫版本
A5: 0.3 | B5: 1 | C5: 修正基础属性
A6: 0.4 | B6: 1 | C6: 修正叠音
A7: 0.5 | B7: 1 | C7: 更新夹钟奏雅赛季
A8: 0.6 | B8: 1 | C8: 更新青州第一部分
A9: 0.7 | B9: 1 | C9: 更新牵丝翊
A10: 0.8 | B10: 1 | C10: 更新夹钟奏雅下半赛季
A11: 0.8.1 | B11: 1 | C11: 修正精准
A12: 0.8.2 | B12: 1 | C12: 修正心法数值
A13: 0.8.3 | B13: 1 | C13: 更新蓬山版本蹊跷
A14: 0.8.4 | B14: 1 | C14: 更新6月12日先琢改动
A15: 0.8.5 | B15: 1 | C15: 修正心法数值
A16: 0.9 | B16: 1 | C16: 更新蕤宾叠奏上半数值
A17: 0.9.1 | B17: 1 | C17: 修正承音数值
A18: 0.9.2 | B18: 1 | C18: 修正了精准错误
A19: 0.9.3 | B19: 1 | C19: 修正了心法错误
A20: 0.9.4 | B20: 1 | C20: 修正承音错误
A21: 0.9.5 | B21: 1 | C21: 更新蕤宾叠奏下半数值
A22: 0.9.6 | B22: 1 | C22: 修正了精准错误
A23: 0.9.7 | B23: 1 | C23: 修正了精准错误
A24: 0.9.8 | B24: 1 | C24: 修正了天赋需求错误,增加樽的DIY
A25: 0.9.9 | B25: 1 | C25: 修正了心法数值
A26: 0.9.10 | B26: 1 | C26: 修正基础属性bug
A27: 0.9.11 | B27: 1 | C27: 更新杭州西版本蹊跷
A28: 0.9.12 | B28: 1 | C28: 修正了心法错误
... A30: 0.10.2 | B30: 1 | C30: 修正套装精准错误
